{
 "filetype": "conformal-table",
 "data": [
  {
   "Object": "/top2_r_ptr_reg_4/U$1",
   "Type": "DFF",
   "Mapping": "/top2_r_ptr_reg_4/U$1",
   "Phase": "+",
   "User Setup object phase inversion": "+",
   "User Setup mapped object phase inversion": "+",
   "highlite": 0
  },
  {
   "Object": "/top1_w_ptr_reg_4/U$1",
   "Type": "DFF",
   "Mapping": "/top1_w_ptr_reg_4/U$1",
   "Phase": "+",
   "User Setup object phase inversion": "+",
   "User Setup mapped object phase inversion": "+",
   "highlite": 0
  },
  {
   "Object": "/top1_w_ptr_reg_3/U$1",
   "Type": "DFF",
   "Mapping": "/top1_w_ptr_reg_3/U$1",
   "Phase": "+",
   "User Setup object phase inversion": "+",
   "User Setup mapped object phase inversion": "+",
   "highlite": 0
  },
  {
   "Object": "/top3_data_out2_reg_13_6/U$1",
   "Type": "DFF",
   "Mapping": "/top3_data_out2_reg_13_6/U$1",
   "Phase": "+",
   "User Setup object phase inversion": "+",
   "User Setup mapped object phase inversion": "+",
   "highlite": 0
  },
  {
   "Object": "/top3_data_out2_reg_15_7/U$1",
   "Type": "DFF",
   "Mapping": "/top3_data_out2_reg_15_7/U$1",
   "Phase": "+",
   "User Setup object phase inversion": "+",
   "User Setup mapped object phase inversion": "+",
   "highlite": 0
  },
  {
   "Object": "/top3_data_out2_reg_5_0/U$1",
   "Type": "DFF",
   "Mapping": "/top3_data_out2_reg_5_0/U$1",
   "Phase": "+",
   "User Setup object phase inversion": "+",
   "User Setup mapped object phase inversion": "+",
   "highlite": 0
  },
  {
   "Object": "/top3_data_out2_reg_5_1/U$1",
   "Type": "DFF",
   "Mapping": "/top3_data_out2_reg_5_1/U$1",
   "Phase": "+",
   "User Setup object phase inversion": "+",
   "User Setup mapped object phase inversion": "+",
   "highlite": 0
  },
  {
   "Object": "/top3_data_out2_reg_5_2/U$1",
   "Type": "DFF",
   "Mapping": "/top3_data_out2_reg_5_2/U$1",
   "Phase": "+",
   "User Setup object phase inversion": "+",
   "User Setup mapped object phase inversion": "+",
   "highlite": 0
  },
  {
   "Object": "/top3_data_out2_reg_5_3/U$1",
   "Type": "DFF",
   "Mapping": "/top3_data_out2_reg_5_3/U$1",
   "Phase": "+",
   "User Setup object phase inversion": "+",
   "User Setup mapped object phase inversion": "+",
   "highlite": 0
  },
  {
   "Object": "/top3_data_out2_reg_5_4/U$1",
   "Type": "DFF",
   "Mapping": "/top3_data_out2_reg_5_4/U$1",
   "Phase": "+",
   "User Setup object phase inversion": "+",
   "User Setup mapped object phase inversion": "+",
   "highlite": 0
  },
  {
   "Object": "/top3_data_out2_reg_7_4/U$1",
   "Type": "DFF",
   "Mapping": "/top3_data_out2_reg_7_4/U$1",
   "Phase": "+",
   "User Setup object phase inversion": "+",
   "User Setup mapped object phase inversion": "+",
   "highlite": 0
  },
  {
   "Object": "/top3_data_out2_reg_5_6/U$1",
   "Type": "DFF",
   "Mapping": "/top3_data_out2_reg_5_6/U$1",
   "Phase": "+",
   "User Setup object phase inversion": "+",
   "User Setup mapped object phase inversion": "+",
   "highlite": 0
  },
  {
   "Object": "/top3_data_out2_reg_5_7/U$1",
   "Type": "DFF",
   "Mapping": "/top3_data_out2_reg_5_7/U$1",
   "Phase": "+",
   "User Setup object phase inversion": "+",
   "User Setup mapped object phase inversion": "+",
   "highlite": 0
  },
  {
   "Object": "/top3_data_out2_reg_5_5/U$1",
   "Type": "DFF",
   "Mapping": "/top3_data_out2_reg_5_5/U$1",
   "Phase": "+",
   "User Setup object phase inversion": "+",
   "User Setup mapped object phase inversion": "+",
   "highlite": 0
  },
  {
   "Object": "/top3_data_out2_reg_7_0/U$1",
   "Type": "DFF",
   "Mapping": "/top3_data_out2_reg_7_0/U$1",
   "Phase": "+",
   "User Setup object phase inversion": "+",
   "User Setup mapped object phase inversion": "+",
   "highlite": 0
  },
  {
   "Object": "/top3_data_out2_reg_7_2/U$1",
   "Type": "DFF",
   "Mapping": "/top3_data_out2_reg_7_2/U$1",
   "Phase": "+",
   "User Setup object phase inversion": "+",
   "User Setup mapped object phase inversion": "+",
   "highlite": 0
  },
  {
   "Object": "/top3_data_out2_reg_7_3/U$1",
   "Type": "DFF",
   "Mapping": "/top3_data_out2_reg_7_3/U$1",
   "Phase": "+",
   "User Setup object phase inversion": "+",
   "User Setup mapped object phase inversion": "+",
   "highlite": 0
  },
  {
   "Object": "/top3_data_out2_reg_7_1/U$1",
   "Type": "DFF",
   "Mapping": "/top3_data_out2_reg_7_1/U$1",
   "Phase": "+",
   "User Setup object phase inversion": "+",
   "User Setup mapped object phase inversion": "+",
   "highlite": 0
  },
  {
   "Object": "/top3_data_out2_reg_7_5/U$1",
   "Type": "DFF",
   "Mapping": "/top3_data_out2_reg_7_5/U$1",
   "Phase": "+",
   "User Setup object phase inversion": "+",
   "User Setup mapped object phase inversion": "+",
   "highlite": 0
  },
  {
   "Object": "/top3_data_out2_reg_15_6/U$1",
   "Type": "DFF",
   "Mapping": "/top3_data_out2_reg_15_6/U$1",
   "Phase": "+",
   "User Setup object phase inversion": "+",
   "User Setup mapped object phase inversion": "+",
   "highlite": 0
  },
  {
   "Object": "/top3_data_out2_reg_13_0/U$1",
   "Type": "DFF",
   "Mapping": "/top3_data_out2_reg_13_0/U$1",
   "Phase": "+",
   "User Setup object phase inversion": "+",
   "User Setup mapped object phase inversion": "+",
   "highlite": 0
  },
  {
   "Object": "/top3_data_out2_reg_13_1/U$1",
   "Type": "DFF",
   "Mapping": "/top3_data_out2_reg_13_1/U$1",
   "Phase": "+",
   "User Setup object phase inversion": "+",
   "User Setup mapped object phase inversion": "+",
   "highlite": 0
  },
  {
   "Object": "/top3_data_out2_reg_13_2/U$1",
   "Type": "DFF",
   "Mapping": "/top3_data_out2_reg_13_2/U$1",
   "Phase": "+",
   "User Setup object phase inversion": "+",
   "User Setup mapped object phase inversion": "+",
   "highlite": 0
  },
  {
   "Object": "/top3_data_out2_reg_13_3/U$1",
   "Type": "DFF",
   "Mapping": "/top3_data_out2_reg_13_3/U$1",
   "Phase": "+",
   "User Setup object phase inversion": "+",
   "User Setup mapped object phase inversion": "+",
   "highlite": 0
  },
  {
   "Object": "/top3_data_out2_reg_13_4/U$1",
   "Type": "DFF",
   "Mapping": "/top3_data_out2_reg_13_4/U$1",
   "Phase": "+",
   "User Setup object phase inversion": "+",
   "User Setup mapped object phase inversion": "+",
   "highlite": 0
  },
  {
   "Object": "/top3_data_out2_reg_13_5/U$1",
   "Type": "DFF",
   "Mapping": "/top3_data_out2_reg_13_5/U$1",
   "Phase": "+",
   "User Setup object phase inversion": "+",
   "User Setup mapped object phase inversion": "+",
   "highlite": 0
  },
  {
   "Object": "/top3_data_out2_reg_7_6/U$1",
   "Type": "DFF",
   "Mapping": "/top3_data_out2_reg_7_6/U$1",
   "Phase": "+",
   "User Setup object phase inversion": "+",
   "User Setup mapped object phase inversion": "+",
   "highlite": 0
  },
  {
   "Object": "/top3_data_out2_reg_13_7/U$1",
   "Type": "DFF",
   "Mapping": "/top3_data_out2_reg_13_7/U$1",
   "Phase": "+",
   "User Setup object phase inversion": "+",
   "User Setup mapped object phase inversion": "+",
   "highlite": 0
  },
  {
   "Object": "/top3_data_out2_reg_15_0/U$1",
   "Type": "DFF",
   "Mapping": "/top3_data_out2_reg_15_0/U$1",
   "Phase": "+",
   "User Setup object phase inversion": "+",
   "User Setup mapped object phase inversion": "+",
   "highlite": 0
  },
  {
   "Object": "/top3_data_out2_reg_15_1/U$1",
   "Type": "DFF",
   "Mapping": "/top3_data_out2_reg_15_1/U$1",
   "Phase": "+",
   "User Setup object phase inversion": "+",
   "User Setup mapped object phase inversion": "+",
   "highlite": 0
  },
  {
   "Object": "/top3_data_out2_reg_15_2/U$1",
   "Type": "DFF",
   "Mapping": "/top3_data_out2_reg_15_2/U$1",
   "Phase": "+",
   "User Setup object phase inversion": "+",
   "User Setup mapped object phase inversion": "+",
   "highlite": 0
  },
  {
   "Object": "/top3_data_out2_reg_15_3/U$1",
   "Type": "DFF",
   "Mapping": "/top3_data_out2_reg_15_3/U$1",
   "Phase": "+",
   "User Setup object phase inversion": "+",
   "User Setup mapped object phase inversion": "+",
   "highlite": 0
  },
  {
   "Object": "/top3_data_out2_reg_15_4/U$1",
   "Type": "DFF",
   "Mapping": "/top3_data_out2_reg_15_4/U$1",
   "Phase": "+",
   "User Setup object phase inversion": "+",
   "User Setup mapped object phase inversion": "+",
   "highlite": 0
  },
  {
   "Object": "/top3_data_out2_reg_15_5/U$1",
   "Type": "DFF",
   "Mapping": "/top3_data_out2_reg_15_5/U$1",
   "Phase": "+",
   "User Setup object phase inversion": "+",
   "User Setup mapped object phase inversion": "+",
   "highlite": 0
  },
  {
   "Object": "/top3_data_out2_reg_7_7/U$1",
   "Type": "DFF",
   "Mapping": "/top3_data_out2_reg_7_7/U$1",
   "Phase": "+",
   "User Setup object phase inversion": "+",
   "User Setup mapped object phase inversion": "+",
   "highlite": 0
  },
  {
   "Object": "/top3_data_out2_reg_4_5/U$1",
   "Type": "DFF",
   "Mapping": "/top3_data_out2_reg_4_5/U$1",
   "Phase": "+",
   "User Setup object phase inversion": "+",
   "User Setup mapped object phase inversion": "+",
   "highlite": 0
  },
  {
   "Object": "/top3_data_out2_reg_4_1/U$1",
   "Type": "DFF",
   "Mapping": "/top3_data_out2_reg_4_1/U$1",
   "Phase": "+",
   "User Setup object phase inversion": "+",
   "User Setup mapped object phase inversion": "+",
   "highlite": 0
  },
  {
   "Object": "/top3_data_out2_reg_4_2/U$1",
   "Type": "DFF",
   "Mapping": "/top3_data_out2_reg_4_2/U$1",
   "Phase": "+",
   "User Setup object phase inversion": "+",
   "User Setup mapped object phase inversion": "+",
   "highlite": 0
  },
  {
   "Object": "/top3_data_out2_reg_4_3/U$1",
   "Type": "DFF",
   "Mapping": "/top3_data_out2_reg_4_3/U$1",
   "Phase": "+",
   "User Setup object phase inversion": "+",
   "User Setup mapped object phase inversion": "+",
   "highlite": 0
  },
  {
   "Object": "/top3_data_out2_reg_4_4/U$1",
   "Type": "DFF",
   "Mapping": "/top3_data_out2_reg_4_4/U$1",
   "Phase": "+",
   "User Setup object phase inversion": "+",
   "User Setup mapped object phase inversion": "+",
   "highlite": 0
  },
  {
   "Object": "/top3_data_out2_reg_4_6/U$1",
   "Type": "DFF",
   "Mapping": "/top3_data_out2_reg_4_6/U$1",
   "Phase": "+",
   "User Setup object phase inversion": "+",
   "User Setup mapped object phase inversion": "+",
   "highlite": 0
  },
  {
   "Object": "/top3_data_out2_reg_4_7/U$1",
   "Type": "DFF",
   "Mapping": "/top3_data_out2_reg_4_7/U$1",
   "Phase": "+",
   "User Setup object phase inversion": "+",
   "User Setup mapped object phase inversion": "+",
   "highlite": 0
  },
  {
   "Object": "/top3_data_out2_reg_4_0/U$1",
   "Type": "DFF",
   "Mapping": "/top3_data_out2_reg_4_0/U$1",
   "Phase": "+",
   "User Setup object phase inversion": "+",
   "User Setup mapped object phase inversion": "+",
   "highlite": 0
  },
  {
   "Object": "/top3_data_out2_reg_6_0/U$1",
   "Type": "DFF",
   "Mapping": "/top3_data_out2_reg_6_0/U$1",
   "Phase": "+",
   "User Setup object phase inversion": "+",
   "User Setup mapped object phase inversion": "+",
   "highlite": 0
  },
  {
   "Object": "/top3_data_out2_reg_6_1/U$1",
   "Type": "DFF",
   "Mapping": "/top3_data_out2_reg_6_1/U$1",
   "Phase": "+",
   "User Setup object phase inversion": "+",
   "User Setup mapped object phase inversion": "+",
   "highlite": 0
  },
  {
   "Object": "/top3_data_out2_reg_6_2/U$1",
   "Type": "DFF",
   "Mapping": "/top3_data_out2_reg_6_2/U$1",
   "Phase": "+",
   "User Setup object phase inversion": "+",
   "User Setup mapped object phase inversion": "+",
   "highlite": 0
  },
  {
   "Object": "/top3_data_out2_reg_6_3/U$1",
   "Type": "DFF",
   "Mapping": "/top3_data_out2_reg_6_3/U$1",
   "Phase": "+",
   "User Setup object phase inversion": "+",
   "User Setup mapped object phase inversion": "+",
   "highlite": 0
  },
  {
   "Object": "/top3_data_out2_reg_6_4/U$1",
   "Type": "DFF",
   "Mapping": "/top3_data_out2_reg_6_4/U$1",
   "Phase": "+",
   "User Setup object phase inversion": "+",
   "User Setup mapped object phase inversion": "+",
   "highlite": 0
  },
  {
   "Object": "/top3_data_out2_reg_6_7/U$1",
   "Type": "DFF",
   "Mapping": "/top3_data_out2_reg_6_7/U$1",
   "Phase": "+",
   "User Setup object phase inversion": "+",
   "User Setup mapped object phase inversion": "+",
   "highlite": 0
  },
  {
   "Object": "/top2_r_ptr_reg_3/U$1",
   "Type": "DFF",
   "Mapping": "/top2_r_ptr_reg_3/U$1",
   "Phase": "+",
   "User Setup object phase inversion": "+",
   "User Setup mapped object phase inversion": "+",
   "highlite": 0
  },
  {
   "Object": "/top3_data_out2_reg_12_5/U$1",
   "Type": "DFF",
   "Mapping": "/top3_data_out2_reg_12_5/U$1",
   "Phase": "+",
   "User Setup object phase inversion": "+",
   "User Setup mapped object phase inversion": "+",
   "highlite": 0
  },
  {
   "Object": "/top3_data_out2_reg_6_6/U$1",
   "Type": "DFF",
   "Mapping": "/top3_data_out2_reg_6_6/U$1",
   "Phase": "+",
   "User Setup object phase inversion": "+",
   "User Setup mapped object phase inversion": "+",
   "highlite": 0
  },
  {
   "Object": "/top3_data_out2_reg_12_0/U$1",
   "Type": "DFF",
   "Mapping": "/top3_data_out2_reg_12_0/U$1",
   "Phase": "+",
   "User Setup object phase inversion": "+",
   "User Setup mapped object phase inversion": "+",
   "highlite": 0
  },
  {
   "Object": "/top3_data_out2_reg_12_1/U$1",
   "Type": "DFF",
   "Mapping": "/top3_data_out2_reg_12_1/U$1",
   "Phase": "+",
   "User Setup object phase inversion": "+",
   "User Setup mapped object phase inversion": "+",
   "highlite": 0
  },
  {
   "Object": "/top3_data_out2_reg_12_2/U$1",
   "Type": "DFF",
   "Mapping": "/top3_data_out2_reg_12_2/U$1",
   "Phase": "+",
   "User Setup object phase inversion": "+",
   "User Setup mapped object phase inversion": "+",
   "highlite": 0
  },
  {
   "Object": "/top3_data_out2_reg_12_3/U$1",
   "Type": "DFF",
   "Mapping": "/top3_data_out2_reg_12_3/U$1",
   "Phase": "+",
   "User Setup object phase inversion": "+",
   "User Setup mapped object phase inversion": "+",
   "highlite": 0
  },
  {
   "Object": "/top3_data_out2_reg_12_4/U$1",
   "Type": "DFF",
   "Mapping": "/top3_data_out2_reg_12_4/U$1",
   "Phase": "+",
   "User Setup object phase inversion": "+",
   "User Setup mapped object phase inversion": "+",
   "highlite": 0
  },
  {
   "Object": "/top3_data_out2_reg_12_6/U$1",
   "Type": "DFF",
   "Mapping": "/top3_data_out2_reg_12_6/U$1",
   "Phase": "+",
   "User Setup object phase inversion": "+",
   "User Setup mapped object phase inversion": "+",
   "highlite": 0
  },
  {
   "Object": "/top3_data_out2_reg_12_7/U$1",
   "Type": "DFF",
   "Mapping": "/top3_data_out2_reg_12_7/U$1",
   "Phase": "+",
   "User Setup object phase inversion": "+",
   "User Setup mapped object phase inversion": "+",
   "highlite": 0
  },
  {
   "Object": "/top3_data_out2_reg_6_5/U$1",
   "Type": "DFF",
   "Mapping": "/top3_data_out2_reg_6_5/U$1",
   "Phase": "+",
   "User Setup object phase inversion": "+",
   "User Setup mapped object phase inversion": "+",
   "highlite": 0
  },
  {
   "Object": "/top3_data_out2_reg_14_0/U$1",
   "Type": "DFF",
   "Mapping": "/top3_data_out2_reg_14_0/U$1",
   "Phase": "+",
   "User Setup object phase inversion": "+",
   "User Setup mapped object phase inversion": "+",
   "highlite": 0
  },
  {
   "Object": "/top3_data_out2_reg_14_1/U$1",
   "Type": "DFF",
   "Mapping": "/top3_data_out2_reg_14_1/U$1",
   "Phase": "+",
   "User Setup object phase inversion": "+",
   "User Setup mapped object phase inversion": "+",
   "highlite": 0
  },
  {
   "Object": "/top3_data_out2_reg_14_2/U$1",
   "Type": "DFF",
   "Mapping": "/top3_data_out2_reg_14_2/U$1",
   "Phase": "+",
   "User Setup object phase inversion": "+",
   "User Setup mapped object phase inversion": "+",
   "highlite": 0
  },
  {
   "Object": "/top3_data_out2_reg_14_3/U$1",
   "Type": "DFF",
   "Mapping": "/top3_data_out2_reg_14_3/U$1",
   "Phase": "+",
   "User Setup object phase inversion": "+",
   "User Setup mapped object phase inversion": "+",
   "highlite": 0
  },
  {
   "Object": "/top3_data_out2_reg_14_4/U$1",
   "Type": "DFF",
   "Mapping": "/top3_data_out2_reg_14_4/U$1",
   "Phase": "+",
   "User Setup object phase inversion": "+",
   "User Setup mapped object phase inversion": "+",
   "highlite": 0
  },
  {
   "Object": "/top3_data_out2_reg_14_7/U$1",
   "Type": "DFF",
   "Mapping": "/top3_data_out2_reg_14_7/U$1",
   "Phase": "+",
   "User Setup object phase inversion": "+",
   "User Setup mapped object phase inversion": "+",
   "highlite": 0
  },
  {
   "Object": "/top3_data_out2_reg_14_6/U$1",
   "Type": "DFF",
   "Mapping": "/top3_data_out2_reg_14_6/U$1",
   "Phase": "+",
   "User Setup object phase inversion": "+",
   "User Setup mapped object phase inversion": "+",
   "highlite": 0
  },
  {
   "Object": "/top3_data_out2_reg_14_5/U$1",
   "Type": "DFF",
   "Mapping": "/top3_data_out2_reg_14_5/U$1",
   "Phase": "+",
   "User Setup object phase inversion": "+",
   "User Setup mapped object phase inversion": "+",
   "highlite": 0
  },
  {
   "Object": "/top3_data_out2_reg_9_4/U$1",
   "Type": "DFF",
   "Mapping": "/top3_data_out2_reg_9_4/U$1",
   "Phase": "+",
   "User Setup object phase inversion": "+",
   "User Setup mapped object phase inversion": "+",
   "highlite": 0
  },
  {
   "Object": "/top3_data_out2_reg_11_3/U$1",
   "Type": "DFF",
   "Mapping": "/top3_data_out2_reg_11_3/U$1",
   "Phase": "+",
   "User Setup object phase inversion": "+",
   "User Setup mapped object phase inversion": "+",
   "highlite": 0
  },
  {
   "Object": "/top3_data_out2_reg_3_2/U$1",
   "Type": "DFF",
   "Mapping": "/top3_data_out2_reg_3_2/U$1",
   "Phase": "+",
   "User Setup object phase inversion": "+",
   "User Setup mapped object phase inversion": "+",
   "highlite": 0
  },
  {
   "Object": "/top3_data_out2_reg_11_6/U$1",
   "Type": "DFF",
   "Mapping": "/top3_data_out2_reg_11_6/U$1",
   "Phase": "+",
   "User Setup object phase inversion": "+",
   "User Setup mapped object phase inversion": "+",
   "highlite": 0
  },
  {
   "Object": "/top3_data_out2_reg_1_0/U$1",
   "Type": "DFF",
   "Mapping": "/top3_data_out2_reg_1_0/U$1",
   "Phase": "+",
   "User Setup object phase inversion": "+",
   "User Setup mapped object phase inversion": "+",
   "highlite": 0
  },
  {
   "Object": "/top3_data_out2_reg_1_1/U$1",
   "Type": "DFF",
   "Mapping": "/top3_data_out2_reg_1_1/U$1",
   "Phase": "+",
   "User Setup object phase inversion": "+",
   "User Setup mapped object phase inversion": "+",
   "highlite": 0
  },
  {
   "Object": "/top3_data_out2_reg_1_2/U$1",
   "Type": "DFF",
   "Mapping": "/top3_data_out2_reg_1_2/U$1",
   "Phase": "+",
   "User Setup object phase inversion": "+",
   "User Setup mapped object phase inversion": "+",
   "highlite": 0
  },
  {
   "Object": "/top3_data_out2_reg_1_3/U$1",
   "Type": "DFF",
   "Mapping": "/top3_data_out2_reg_1_3/U$1",
   "Phase": "+",
   "User Setup object phase inversion": "+",
   "User Setup mapped object phase inversion": "+",
   "highlite": 0
  },
  {
   "Object": "/top3_data_out2_reg_1_4/U$1",
   "Type": "DFF",
   "Mapping": "/top3_data_out2_reg_1_4/U$1",
   "Phase": "+",
   "User Setup object phase inversion": "+",
   "User Setup mapped object phase inversion": "+",
   "highlite": 0
  },
  {
   "Object": "/top3_data_out2_reg_1_5/U$1",
   "Type": "DFF",
   "Mapping": "/top3_data_out2_reg_1_5/U$1",
   "Phase": "+",
   "User Setup object phase inversion": "+",
   "User Setup mapped object phase inversion": "+",
   "highlite": 0
  },
  {
   "Object": "/top3_data_out2_reg_1_6/U$1",
   "Type": "DFF",
   "Mapping": "/top3_data_out2_reg_1_6/U$1",
   "Phase": "+",
   "User Setup object phase inversion": "+",
   "User Setup mapped object phase inversion": "+",
   "highlite": 0
  },
  {
   "Object": "/top3_data_out2_reg_1_7/U$1",
   "Type": "DFF",
   "Mapping": "/top3_data_out2_reg_1_7/U$1",
   "Phase": "+",
   "User Setup object phase inversion": "+",
   "User Setup mapped object phase inversion": "+",
   "highlite": 0
  },
  {
   "Object": "/top3_data_out2_reg_9_0/U$1",
   "Type": "DFF",
   "Mapping": "/top3_data_out2_reg_9_0/U$1",
   "Phase": "+",
   "User Setup object phase inversion": "+",
   "User Setup mapped object phase inversion": "+",
   "highlite": 0
  },
  {
   "Object": "/top3_data_out2_reg_9_1/U$1",
   "Type": "DFF",
   "Mapping": "/top3_data_out2_reg_9_1/U$1",
   "Phase": "+",
   "User Setup object phase inversion": "+",
   "User Setup mapped object phase inversion": "+",
   "highlite": 0
  },
  {
   "Object": "/top3_data_out2_reg_9_3/U$1",
   "Type": "DFF",
   "Mapping": "/top3_data_out2_reg_9_3/U$1",
   "Phase": "+",
   "User Setup object phase inversion": "+",
   "User Setup mapped object phase inversion": "+",
   "highlite": 0
  },
  {
   "Object": "/top1_w_ptr_reg_2/U$1",
   "Type": "DFF",
   "Mapping": "/top1_w_ptr_reg_2/U$1",
   "Phase": "+",
   "User Setup object phase inversion": "+",
   "User Setup mapped object phase inversion": "+",
   "highlite": 0
  },
  {
   "Object": "/top3_data_out2_reg_9_5/U$1",
   "Type": "DFF",
   "Mapping": "/top3_data_out2_reg_9_5/U$1",
   "Phase": "+",
   "User Setup object phase inversion": "+",
   "User Setup mapped object phase inversion": "+",
   "highlite": 0
  },
  {
   "Object": "/top3_data_out2_reg_9_6/U$1",
   "Type": "DFF",
   "Mapping": "/top3_data_out2_reg_9_6/U$1",
   "Phase": "+",
   "User Setup object phase inversion": "+",
   "User Setup mapped object phase inversion": "+",
   "highlite": 0
  },
  {
   "Object": "/top3_data_out2_reg_9_7/U$1",
   "Type": "DFF",
   "Mapping": "/top3_data_out2_reg_9_7/U$1",
   "Phase": "+",
   "User Setup object phase inversion": "+",
   "User Setup mapped object phase inversion": "+",
   "highlite": 0
  },
  {
   "Object": "/top3_data_out2_reg_9_2/U$1",
   "Type": "DFF",
   "Mapping": "/top3_data_out2_reg_9_2/U$1",
   "Phase": "+",
   "User Setup object phase inversion": "+",
   "User Setup mapped object phase inversion": "+",
   "highlite": 0
  },
  {
   "Object": "/top3_data_out2_reg_3_0/U$1",
   "Type": "DFF",
   "Mapping": "/top3_data_out2_reg_3_0/U$1",
   "Phase": "+",
   "User Setup object phase inversion": "+",
   "User Setup mapped object phase inversion": "+",
   "highlite": 0
  },
  {
   "Object": "/top3_data_out2_reg_3_1/U$1",
   "Type": "DFF",
   "Mapping": "/top3_data_out2_reg_3_1/U$1",
   "Phase": "+",
   "User Setup object phase inversion": "+",
   "User Setup mapped object phase inversion": "+",
   "highlite": 0
  },
  {
   "Object": "/top3_data_out2_reg_11_7/U$1",
   "Type": "DFF",
   "Mapping": "/top3_data_out2_reg_11_7/U$1",
   "Phase": "+",
   "User Setup object phase inversion": "+",
   "User Setup mapped object phase inversion": "+",
   "highlite": 0
  },
  {
   "Object": "/top3_data_out2_reg_3_4/U$1",
   "Type": "DFF",
   "Mapping": "/top3_data_out2_reg_3_4/U$1",
   "Phase": "+",
   "User Setup object phase inversion": "+",
   "User Setup mapped object phase inversion": "+",
   "highlite": 0
  },
  {
   "Object": "/top3_data_out2_reg_3_5/U$1",
   "Type": "DFF",
   "Mapping": "/top3_data_out2_reg_3_5/U$1",
   "Phase": "+",
   "User Setup object phase inversion": "+",
   "User Setup mapped object phase inversion": "+",
   "highlite": 0
  },
  {
   "Object": "/top3_data_out2_reg_3_6/U$1",
   "Type": "DFF",
   "Mapping": "/top3_data_out2_reg_3_6/U$1",
   "Phase": "+",
   "User Setup object phase inversion": "+",
   "User Setup mapped object phase inversion": "+",
   "highlite": 0
  },
  {
   "Object": "/top3_data_out2_reg_3_3/U$1",
   "Type": "DFF",
   "Mapping": "/top3_data_out2_reg_3_3/U$1",
   "Phase": "+",
   "User Setup object phase inversion": "+",
   "User Setup mapped object phase inversion": "+",
   "highlite": 0
  },
  {
   "Object": "/top3_data_out2_reg_3_7/U$1",
   "Type": "DFF",
   "Mapping": "/top3_data_out2_reg_3_7/U$1",
   "Phase": "+",
   "User Setup object phase inversion": "+",
   "User Setup mapped object phase inversion": "+",
   "highlite": 0
  },
  {
   "Object": "/top3_data_out2_reg_11_1/U$1",
   "Type": "DFF",
   "Mapping": "/top3_data_out2_reg_11_1/U$1",
   "Phase": "+",
   "User Setup object phase inversion": "+",
   "User Setup mapped object phase inversion": "+",
   "highlite": 0
  },
  {
   "Object": "/top3_data_out2_reg_11_2/U$1",
   "Type": "DFF",
   "Mapping": "/top3_data_out2_reg_11_2/U$1",
   "Phase": "+",
   "User Setup object phase inversion": "+",
   "User Setup mapped object phase inversion": "+",
   "highlite": 0
  },
  {
   "Object": "/top3_data_out2_reg_11_5/U$1",
   "Type": "DFF",
   "Mapping": "/top3_data_out2_reg_11_5/U$1",
   "Phase": "+",
   "User Setup object phase inversion": "+",
   "User Setup mapped object phase inversion": "+",
   "highlite": 0
  },
  {
   "Object": "/top3_data_out2_reg_11_0/U$1",
   "Type": "DFF",
   "Mapping": "/top3_data_out2_reg_11_0/U$1",
   "Phase": "+",
   "User Setup object phase inversion": "+",
   "User Setup mapped object phase inversion": "+",
   "highlite": 0
  },
  {
   "Object": "/top3_data_out2_reg_11_4/U$1",
   "Type": "DFF",
   "Mapping": "/top3_data_out2_reg_11_4/U$1",
   "Phase": "+",
   "User Setup object phase inversion": "+",
   "User Setup mapped object phase inversion": "+",
   "highlite": 0
  },
  {
   "Object": "/top3_data_out2_reg_2_6/U$1",
   "Type": "DFF",
   "Mapping": "/top3_data_out2_reg_2_6/U$1",
   "Phase": "+",
   "User Setup object phase inversion": "+",
   "User Setup mapped object phase inversion": "+",
   "highlite": 0
  },
  {
   "Object": "/top3_data_out2_reg_2_5/U$1",
   "Type": "DFF",
   "Mapping": "/top3_data_out2_reg_2_5/U$1",
   "Phase": "+",
   "User Setup object phase inversion": "+",
   "User Setup mapped object phase inversion": "+",
   "highlite": 0
  },
  {
   "Object": "/top3_data_out2_reg_8_2/U$1",
   "Type": "DFF",
   "Mapping": "/top3_data_out2_reg_8_2/U$1",
   "Phase": "+",
   "User Setup object phase inversion": "+",
   "User Setup mapped object phase inversion": "+",
   "highlite": 0
  },
  {
   "Object": "/top3_data_out2_reg_0_0/U$1",
   "Type": "DFF",
   "Mapping": "/top3_data_out2_reg_0_0/U$1",
   "Phase": "+",
   "User Setup object phase inversion": "+",
   "User Setup mapped object phase inversion": "+",
   "highlite": 0
  },
  {
   "Object": "/top3_data_out2_reg_10_2/U$1",
   "Type": "DFF",
   "Mapping": "/top3_data_out2_reg_10_2/U$1",
   "Phase": "+",
   "User Setup object phase inversion": "+",
   "User Setup mapped object phase inversion": "+",
   "highlite": 0
  },
  {
   "Object": "/top3_data_out2_reg_2_3/U$1",
   "Type": "DFF",
   "Mapping": "/top3_data_out2_reg_2_3/U$1",
   "Phase": "+",
   "User Setup object phase inversion": "+",
   "User Setup mapped object phase inversion": "+",
   "highlite": 0
  },
  {
   "Object": "/top3_data_out2_reg_0_6/U$1",
   "Type": "DFF",
   "Mapping": "/top3_data_out2_reg_0_6/U$1",
   "Phase": "+",
   "User Setup object phase inversion": "+",
   "User Setup mapped object phase inversion": "+",
   "highlite": 0
  },
  {
   "Object": "/top3_data_out2_reg_0_7/U$1",
   "Type": "DFF",
   "Mapping": "/top3_data_out2_reg_0_7/U$1",
   "Phase": "+",
   "User Setup object phase inversion": "+",
   "User Setup mapped object phase inversion": "+",
   "highlite": 0
  },
  {
   "Object": "/top3_data_out2_reg_8_6/U$1",
   "Type": "DFF",
   "Mapping": "/top3_data_out2_reg_8_6/U$1",
   "Phase": "+",
   "User Setup object phase inversion": "+",
   "User Setup mapped object phase inversion": "+",
   "highlite": 0
  },
  {
   "Object": "/top3_data_out2_reg_2_4/U$1",
   "Type": "DFF",
   "Mapping": "/top3_data_out2_reg_2_4/U$1",
   "Phase": "+",
   "User Setup object phase inversion": "+",
   "User Setup mapped object phase inversion": "+",
   "highlite": 0
  },
  {
   "Object": "/top3_data_out2_reg_2_0/U$1",
   "Type": "DFF",
   "Mapping": "/top3_data_out2_reg_2_0/U$1",
   "Phase": "+",
   "User Setup object phase inversion": "+",
   "User Setup mapped object phase inversion": "+",
   "highlite": 0
  },
  {
   "Object": "/top3_data_out2_reg_2_1/U$1",
   "Type": "DFF",
   "Mapping": "/top3_data_out2_reg_2_1/U$1",
   "Phase": "+",
   "User Setup object phase inversion": "+",
   "User Setup mapped object phase inversion": "+",
   "highlite": 0
  },
  {
   "Object": "/top3_data_out2_reg_2_2/U$1",
   "Type": "DFF",
   "Mapping": "/top3_data_out2_reg_2_2/U$1",
   "Phase": "+",
   "User Setup object phase inversion": "+",
   "User Setup mapped object phase inversion": "+",
   "highlite": 0
  },
  {
   "Object": "/top2_r_ptr_reg_2/U$1",
   "Type": "DFF",
   "Mapping": "/top2_r_ptr_reg_2/U$1",
   "Phase": "+",
   "User Setup object phase inversion": "+",
   "User Setup mapped object phase inversion": "+",
   "highlite": 0
  },
  {
   "Object": "/top1_w_ptr_reg_1/U$1",
   "Type": "DFF",
   "Mapping": "/top1_w_ptr_reg_1/U$1",
   "Phase": "+",
   "User Setup object phase inversion": "+",
   "User Setup mapped object phase inversion": "+",
   "highlite": 0
  },
  {
   "Object": "/top3_data_out2_reg_10_1/U$1",
   "Type": "DFF",
   "Mapping": "/top3_data_out2_reg_10_1/U$1",
   "Phase": "+",
   "User Setup object phase inversion": "+",
   "User Setup mapped object phase inversion": "+",
   "highlite": 0
  },
  {
   "Object": "/top3_data_out2_reg_0_4/U$1",
   "Type": "DFF",
   "Mapping": "/top3_data_out2_reg_0_4/U$1",
   "Phase": "+",
   "User Setup object phase inversion": "+",
   "User Setup mapped object phase inversion": "+",
   "highlite": 0
  },
  {
   "Object": "/top3_data_out2_reg_0_5/U$1",
   "Type": "DFF",
   "Mapping": "/top3_data_out2_reg_0_5/U$1",
   "Phase": "+",
   "User Setup object phase inversion": "+",
   "User Setup mapped object phase inversion": "+",
   "highlite": 0
  },
  {
   "Object": "/top3_data_out2_reg_8_0/U$1",
   "Type": "DFF",
   "Mapping": "/top3_data_out2_reg_8_0/U$1",
   "Phase": "+",
   "User Setup object phase inversion": "+",
   "User Setup mapped object phase inversion": "+",
   "highlite": 0
  },
  {
   "Object": "/top3_data_out2_reg_8_3/U$1",
   "Type": "DFF",
   "Mapping": "/top3_data_out2_reg_8_3/U$1",
   "Phase": "+",
   "User Setup object phase inversion": "+",
   "User Setup mapped object phase inversion": "+",
   "highlite": 0
  },
  {
   "Object": "/top3_data_out2_reg_8_1/U$1",
   "Type": "DFF",
   "Mapping": "/top3_data_out2_reg_8_1/U$1",
   "Phase": "+",
   "User Setup object phase inversion": "+",
   "User Setup mapped object phase inversion": "+",
   "highlite": 0
  },
  {
   "Object": "/top3_data_out2_reg_8_7/U$1",
   "Type": "DFF",
   "Mapping": "/top3_data_out2_reg_8_7/U$1",
   "Phase": "+",
   "User Setup object phase inversion": "+",
   "User Setup mapped object phase inversion": "+",
   "highlite": 0
  },
  {
   "Object": "/top3_data_out2_reg_8_5/U$1",
   "Type": "DFF",
   "Mapping": "/top3_data_out2_reg_8_5/U$1",
   "Phase": "+",
   "User Setup object phase inversion": "+",
   "User Setup mapped object phase inversion": "+",
   "highlite": 0
  },
  {
   "Object": "/top3_data_out2_reg_8_4/U$1",
   "Type": "DFF",
   "Mapping": "/top3_data_out2_reg_8_4/U$1",
   "Phase": "+",
   "User Setup object phase inversion": "+",
   "User Setup mapped object phase inversion": "+",
   "highlite": 0
  },
  {
   "Object": "/top3_data_out2_reg_2_7/U$1",
   "Type": "DFF",
   "Mapping": "/top3_data_out2_reg_2_7/U$1",
   "Phase": "+",
   "User Setup object phase inversion": "+",
   "User Setup mapped object phase inversion": "+",
   "highlite": 0
  },
  {
   "Object": "/top3_data_out2_reg_10_4/U$1",
   "Type": "DFF",
   "Mapping": "/top3_data_out2_reg_10_4/U$1",
   "Phase": "+",
   "User Setup object phase inversion": "+",
   "User Setup mapped object phase inversion": "+",
   "highlite": 0
  },
  {
   "Object": "/top3_data_out2_reg_10_5/U$1",
   "Type": "DFF",
   "Mapping": "/top3_data_out2_reg_10_5/U$1",
   "Phase": "+",
   "User Setup object phase inversion": "+",
   "User Setup mapped object phase inversion": "+",
   "highlite": 0
  },
  {
   "Object": "/top3_data_out2_reg_10_6/U$1",
   "Type": "DFF",
   "Mapping": "/top3_data_out2_reg_10_6/U$1",
   "Phase": "+",
   "User Setup object phase inversion": "+",
   "User Setup mapped object phase inversion": "+",
   "highlite": 0
  },
  {
   "Object": "/top3_data_out2_reg_10_7/U$1",
   "Type": "DFF",
   "Mapping": "/top3_data_out2_reg_10_7/U$1",
   "Phase": "+",
   "User Setup object phase inversion": "+",
   "User Setup mapped object phase inversion": "+",
   "highlite": 0
  },
  {
   "Object": "/top3_data_out2_reg_10_0/U$1",
   "Type": "DFF",
   "Mapping": "/top3_data_out2_reg_10_0/U$1",
   "Phase": "+",
   "User Setup object phase inversion": "+",
   "User Setup mapped object phase inversion": "+",
   "highlite": 0
  },
  {
   "Object": "/top3_data_out2_reg_0_1/U$1",
   "Type": "DFF",
   "Mapping": "/top3_data_out2_reg_0_1/U$1",
   "Phase": "+",
   "User Setup object phase inversion": "+",
   "User Setup mapped object phase inversion": "+",
   "highlite": 0
  },
  {
   "Object": "/top3_data_out2_reg_0_2/U$1",
   "Type": "DFF",
   "Mapping": "/top3_data_out2_reg_0_2/U$1",
   "Phase": "+",
   "User Setup object phase inversion": "+",
   "User Setup mapped object phase inversion": "+",
   "highlite": 0
  },
  {
   "Object": "/top3_data_out2_reg_0_3/U$1",
   "Type": "DFF",
   "Mapping": "/top3_data_out2_reg_0_3/U$1",
   "Phase": "+",
   "User Setup object phase inversion": "+",
   "User Setup mapped object phase inversion": "+",
   "highlite": 0
  },
  {
   "Object": "/top3_data_out2_reg_10_3/U$1",
   "Type": "DFF",
   "Mapping": "/top3_data_out2_reg_10_3/U$1",
   "Phase": "+",
   "User Setup object phase inversion": "+",
   "User Setup mapped object phase inversion": "+",
   "highlite": 0
  },
  {
   "Object": "/top2_r_ptr_reg_1/U$1",
   "Type": "DFF",
   "Mapping": "/top2_r_ptr_reg_1/U$1",
   "Phase": "+",
   "User Setup object phase inversion": "+",
   "User Setup mapped object phase inversion": "+",
   "highlite": 0
  },
  {
   "Object": "/top4_fifo_underflow_flag_reg/U$1",
   "Type": "DFF",
   "Mapping": "/top4_fifo_underflow_flag_reg/U$1",
   "Phase": "+",
   "User Setup object phase inversion": "+",
   "User Setup mapped object phase inversion": "+",
   "highlite": 0
  },
  {
   "Object": "/top1_w_ptr_reg_0/U$1",
   "Type": "DFF",
   "Mapping": "/top1_w_ptr_reg_0/U$1",
   "Phase": "+",
   "User Setup object phase inversion": "+",
   "User Setup mapped object phase inversion": "+",
   "highlite": 0
  },
  {
   "Object": "/top4_fifo_overflow_flag_reg/U$1",
   "Type": "DFF",
   "Mapping": "/top4_fifo_overflow_flag_reg/U$1",
   "Phase": "+",
   "User Setup object phase inversion": "+",
   "User Setup mapped object phase inversion": "+",
   "highlite": 0
  },
  {
   "Object": "/top2_r_ptr_reg_0/U$1",
   "Type": "DFF",
   "Mapping": "/top2_r_ptr_reg_0/U$1",
   "Phase": "+",
   "User Setup object phase inversion": "+",
   "User Setup mapped object phase inversion": "+",
   "highlite": 0
  }
 ],
 "cols": [
  {
   "key": "Object"
  },
  {
   "key": "Type"
  },
  {
   "key": "Mapping"
  },
  {
   "key": "Phase"
  },
  {
   "key": "User Setup object phase inversion"
  },
  {
   "key": "User Setup mapped object phase inversion"
  }
 ],
 "sort": [
  "-highlite"
 ]
}